[{"name":"smaltatore","definition":"Chi esegue lavori di smaltatura: s. di terracotte."},{"name":"smaltatrice","definition":"Apparecchio per la smaltatura delle fotografie."},{"name":"smaltatura","definition":"Azione e risultato dello smaltare."},{"name":"smalteria","definition":"Officina o laboratorio dove si producono oggetti smaltati."},{"name":"smaltimento","definition":"Azione e risultato dello smaltire: lo s. della merce."},{"name":"smaltire","definition":"Digerire completamente quanto si \u00e8 ingerito: cibi pesanti che si smaltiscono difficilmente; ho bevuto un vino che non riesco a s."},{"name":"smaltista","definition":"Artigiano, artista specializzato in decorazioni in smalto."},{"name":"smaltitoio","definition":"Struttura, impianto per lo smaltimento, lo scarico di acque superflue o sporche."},{"name":"smaltitore","definition":"Che smaltisce: canale s.; impresa smaltitrice."},{"name":"smalto","definition":"Prodotto vetroso, trasparente o variamente colorato, usato come rivestimento e protezione di oggetti ceramici o metallici, o come decorazione di oggetti preziosi: stoviglie rivestite di s.; rigare lo s."},{"name":"smammare","definition":"Andarsene, togliersi di mezzo: questo non \u00e8 posto per noi, smammiamo, ragazzi!; mi hai seccato, smamma!."},{"name":"smanacciata","definition":"Gesto esagerato e scomposto di braccia."},{"name":"smanceria","definition":"Atto, effusione esageratamente complimentosa e sdolcinata; svenevolezza, vezzo; le smancerie degli innamorati; non posso soffrire tutte queste smancerie."},{"name":"smanceroso","definition":"Pieno di smancerie; sdolcinato, svenevole: atti smancerosi; un ragazzo s.; espressioni smancerose."},{"name":"smandrappato","definition":"Ridotto a mal partito nell'abito o nella persona; scalcinato."},{"name":"smanettare","definition":"Correre in motocicletta a grande velocit\u00e0."},{"name":"smangio","definition":"Pagina o lembo di pagina rimasto non impresso."},{"name":"smania","definition":"Stato di agitazione dovuto a malessere fisico o psichico, per fastidio, ansia, inquietudine: avere, sentire s.; l'attesa gli dava la s.; il caldo soffocante gli metteva la s. addosso; che s.!."},{"name":"smaniare","definition":"Agitarsi in preda alla smania: il malato smaniava dal dolore; smanio nell'attesa di rivederla; un caldo che fa s."},{"name":"smanicare","definition":"Privare del manico, togliendolo o rompendolo: s. un coltello, un martello, un tegame."},{"name":"smanierato","definition":"Privo di buone maniere; sgarbato: che gente smanierata!."},{"name":"smanigliare","definition":"Staccare la catena dall'\u00e0ncora togliendo il maniglione dalla cicala dell'\u00e0ncora stessa."},{"name":"smaniglio","definition":"Smaniglia."},{"name":"smanioso","definition":"Che suscita smania: un caldo soffocante, s.; smaniosa attesa; l'attendeva con smaniosa impazienza."},{"name":"smantellamento","definition":"Lo smantellare; demolizione, abbattimento: s. di citt\u00e0, di fortezze, di mura."},{"name":"smantellare","definition":"Abbattere, demolire, diroccare le mura, le parti fortificate di una citt\u00e0, di una piazzaforte e sim.: s. una fortezza con mine, a cannonate."},{"name":"smarcamento","definition":"Azione e risultato dello smarcare o dello smarcarsi."},{"name":"smarcare","definition":"Nei giochi di palla a squadre, spec. nel calcio, sottrarre un compagno di squadra alla marcatura da parte di un avversario, con un passaggio calibrato non intercettabile dagli avversari."},{"name":"smargiassata","definition":"Atto, discorso, modo da smargiasso; spacconata, bravata: una delle sue solite smargiassate."},{"name":"smargiasso","definition":"Chi si vanta di capacit\u00e0 e imprese poco credibili; spaccone, gradasso: non fare tanto lo s."},{"name":"smarginare","definition":"Tagliare nei margini: s. un libro, una fotografia."},{"name":"smarginato","definition":"Che \u00e8 stato privato in tutto o in parte dei margini: libro, disegno poco, molto s.; pagina smarginata."},{"name":"smarginatura","definition":"Azione e risultato dello smarginare: la s. dei libri."},{"name":"smargottare","definition":"Tagliare la margotta dalla pianta madre per invasarla: s. le rose."},{"name":"smargottatura","definition":"Azione e risultato dello smargottare."},{"name":"smarrare","definition":"Lavorare, ripulire con la marra: s. il terreno; s. le ceppaie."},{"name":"smarratura","definition":"Azione e risultato dello smarrare: la s. del campo."},{"name":"smarrimento","definition":"Azione e risultato dello smarrire: mi preoccupa lo s. dei miei documenti."},{"name":"smarrire","definition":"Non trovare pi\u00f9 qualcosa che prima si possedeva o di cui si conosceva la collocazione: s. le chiavi, gli occhiali, il portafogli, una tessera."},{"name":"smarritamente","definition":"Con smarrimento, con sgomento."},{"name":"smarrito","definition":"Che \u00e8 stato perduto, che non si riesce pi\u00f9 a trovare: l'opera \u00e8 andata smarrita; un cagnolino s."},{"name":"smascellare","definition":"Slogare, rompere le mascelle: lo smascell\u00f2 con un pugno."},{"name":"smascheramento","definition":"Azione e risultato dello smascherare o dello smascherarsi."},{"name":"smascherare","definition":"Privare della maschera."},{"name":"smascheratore","definition":"Che, chi smaschera: s. di frodi, di imbrogli, di tradimenti."},{"name":"smash","definition":"Nel gioco del tennis e nel pingpong, schiacciata."},{"name":"smaterializzare","definition":"Liberare dalla materialit\u00e0, da ogni rapporto con la realt\u00e0 materiale; spiritualizzare, idealizzare: s. l'amore; un pittore che smaterializza le sue figure."},{"name":"smaterializzazione","definition":"Azione e risultato dello smaterializzare o dello smaterializzarsi."},{"name":"smattonare","definition":"Togliere i mattoni: s. una stanza, il pavimento."},{"name":"smattonato","definition":"Privo dell'ammattonato."},{"name":"smazzata","definition":"Fase di una partita a carte corrispondente alla distribuzione tra i giocatori dell'intero mazzo; mano."},{"name":"smegma","definition":"Materia semifluida bianco-giallastra composta da secreti ghiandolari e da prodotti di desquamazione delle mucose di rivestimento, che si raccoglie nell'uomo nel solco balanoprepuziale, e nella donna tra le piccole labbra e intorno alla clitoride."},{"name":"smembramento","definition":"Azione dello smembrare: lo s. di un pollo, di un coniglio."},{"name":"smembrare","definition":"Dividere, tagliare un corpo nelle varie membra che lo compongono; squartare: s. un pollo, un coniglio; s. un cadavere."},{"name":"smemoramento","definition":"Lo smemorare, il diventare smemorato: per un attimo di s. persi l'occasione di rivederlo."},{"name":"smemorataggine","definition":"Carattere di chi \u00e8 smemorato."},{"name":"smemoratezza","definition":"Smemorataggine: ha trascurato i suoi impegni per s."},{"name":"smemorato","definition":"Che non ha memoria, che ha perduto la memoria."},{"name":"smencio","definition":"Floscio, vizzo; mencio."},{"name":"smentire","definition":"Dichiarare, affermare falso o infondato ci\u00f2 che \u00e8 stato affermato, sostenuto da altri: molti testimoni lo smentirono; saranno i fatti stessi che ti smentiranno; s. un'accusa; un comunicato ufficiale smentisce la notizia di un nuovo rincaro."},{"name":"smentita","definition":"Lo smentire."},{"name":"smeraldino","definition":"Di colore verde smeraldo."},{"name":"smeraldo","definition":"Variet\u00e0 di berillo colore verde-erba, trasparente, usato come pietra preziosa: un anello con uno s.; un braccialetto di smeraldi."},{"name":"smerciabile","definition":"Che si pu\u00f2 smerciare: oggetti troppo costosi, difficilmente smerciabili."},{"name":"smerciabilita","definition":"Carattere di ci\u00f2 che \u00e8 smerciabile: merce di buona s."},{"name":"smerciare","definition":"Vendere, spacciare una merce: smercia tessuti all'ingrosso; vive smerciando libri usati."},{"name":"smercio","definition":"Azione dello smerciare; vendita, spaccio di una merce: l'autorit\u00e0 ha vietato lo s. di questa medicina; l'hanno arrestato per s. di droga."},{"name":"smerdare","definition":"Sporcare di merda."},{"name":"smergo","definition":"Uccello acquatico appartenente all'ordine degli anseriformi, caratterizzato dal becco lungo e da due ciuffi di penne sul capo e sul collo, abile nuotatore e tuffatore."},{"name":"smerigliare","definition":"Pulire, lucidare, lisciare con lo smeriglio o con analoghe sostanze abrasive: s. i metalli, le valvole del motore."},{"name":"smerigliato","definition":"Lucidato, lisciato con lo smeriglio: ottone, marmo s."},{"name":"smerigliatore","definition":"Che smeriglia: operaio s."},{"name":"smerigliatrice","definition":"Macchina per smerigliare."},{"name":"smerigliatura","definition":"Finitura superficiale praticata manualmente, con lo smeriglio o per mezzo di una smerigliatrice: la s. dei metalli, del vetro."},{"name":"smeriglio","definition":"Variet\u00e0 granulare di corindone, di colore grigio-brunastro, utilizzato come abrasivo, in forma polverizzata, nella smerigliatura di pietre dure, metalli e vetri."},{"name":"smerlare","definition":"Orlare con smerli: s. una tovaglia, i fazzoletti, le tende."},{"name":"smerlato","definition":"Orlato con smerli, lavorato a smerlo: una tovaglia smerlata; orlo s."},{"name":"smerlatura","definition":"Lo smerlare, l'orlare a smerlo: lavoro di s."},{"name":"smerlettare","definition":"Orlare, ornare con smerli; smerlare."},{"name":"smerlettatura","definition":"Smerlatura."},{"name":"smerlo","definition":"Ciascun elemento di un ricamo fatto ritagliando l'orlo di una stoffa secondo una linea ondulata, a sporgenze e rientranze variamente foggiate: smerli rotondi, aguzzi, quadrati."},{"name":"smesso","definition":"Che si \u00e8 cessato di mettere, di usare: vestiti smessi; roba smessa."},{"name":"smettere","definition":"Cessare di usare un indumento, un accessorio: porta un abito solo qualche mese, poi lo smette; dovr\u00f2 s. queste scarpe perch\u00e9 mi sono strette."},{"name":"smettico","definition":"Di stato di aggregazione mesomorfo, proprio di sostanze di consistenza viscosa, in cui le particelle si dispongono in strati scorrevoli gli uni sugli altri, con asse molecolare orientato perpendicolarmente allo strato."},{"name":"smezzare","definition":"Dividere in due met\u00e0: s. una pagnotta, un cocomero, un foglio di carta."},{"name":"smidollare","definition":"Vuotare del midollo o della midolla: s. un ossobuco; s. un panino per mangiarne la crosta."},{"name":"smidollato","definition":"Privo del midollo o della midolla: un panino s."},{"name":"smielare","definition":"In apicoltura, togliere il miele dai favi."},{"name":"smielato","definition":"Privato del miele."},{"name":"smielatore","definition":"Che smiela."},{"name":"smielatura","definition":"In apicoltura, estrazione del miele dai favi: s. a mano, meccanica."},{"name":"smilace","definition":"Salsapariglia."},{"name":"smilitarizzare","definition":"Riportare alle condizioni civili categorie di cittadini, di servizi, di impianti ecc. precedentemente militarizzati per ragioni di guerra o di ordine interno: s. i ferrovieri; s. le fabbriche."},{"name":"smilitarizzato","definition":"Restituito alla condizione civile dopo essere stato militarizzato: cittadini smilitarizzati; industrie smilitarizzate."},{"name":"smilitarizzazione","definition":"Azione e risultato dello smilitarizzare."},{"name":"smilzo","definition":"Di persona dalla corporatura magra, snella e asciutta: un giovane s."},{"name":"sminamento","definition":"Operazione dello sminare; bonifica di una zona minata."},{"name":"sminare","definition":"Bonificare dalle mine precedentemente collocate durante azioni di guerra: s. una zona di terreno, uno specchio d'acqua."},{"name":"sminatore","definition":"Addetto alle operazioni di sminamento: gli sminatori della marina militare; soldato s."},{"name":"sminatura","definition":"Sminamento."},{"name":"sminchionato","definition":"Di persona, spregiudicato e bizzarro; scorbellato: \u00e8 gente sminchionata."},{"name":"sminuire","definition":"Rendere minore, ridurre; diminuire: s. i prezzi, le spese."},{"name":"sminuzzamento","definition":"Azione e risultato dello sminuzzare o dello sminuzzarsi: s. di un pezzo di pane."},{"name":"sminuzzare","definition":"Ridurre a piccoli pezzi; spezzettare: s. il pane; non s. la verdura."},{"name":"sminuzzatoio","definition":"Mezzaluna, attrezzo per sminuzzare."},{"name":"sminuzzatore","definition":"Che, chi sminuzza."},{"name":"sminuzzatrice","definition":"Macchina usata in varie industrie per sminuzzare la materia prima destinata a successiva lavorazione."},{"name":"sminuzzatura","definition":"Sminuzzamento: la s. dei tronchi nelle cartiere."},{"name":"sminuzzolamento","definition":"Azione e risultato dello sminuzzolare o dello sminuzzolarsi; sbriciolamento."},{"name":"sminuzzolare","definition":"Ridurre in minuzzoli, in briciole: s. il pane per gli uccellini."},{"name":"smistamento","definition":"Azione e risultato dello smistare; separazione, selezione: lo s. della corrispondenza; lo s. dei treni; stazione di s."},{"name":"smistare","definition":"Separare, selezionare un insieme nei suoi vari componenti, dando a ciascuno la propria destinazione."},{"name":"smisuratamente","definition":"In modo smisurato; oltre misura."},{"name":"smisurato","definition":"Che supera la misura normale o concepibile; incommensurabile: smisurata altezza; smisurate distanze."},{"name":"smitizzare","definition":"Privare un personaggio, un momento, un periodo e sim. dell'alone di mito, di leggenda che lo circonda, riducendolo alle misure e agli aspetti reali, ai fini di una valutazione pi\u00f9 concreta e obiettiva: s. un artista, un'ideologia politica."},{"name":"smitizzazione","definition":"Azione e risultato dello smitizzare."},{"name":"smobiliare","definition":"Privare, vuotare della mobilia: s. l'appartamento, una stanza."},{"name":"smobilitare","definition":"Riportare al normale stato di pace truppe e servizi mobilitati: s. un'armata, l'esercito, l'aviazione."},{"name":"smobilitazione","definition":"Azione e risultato dello smobilitare: la s. delle forze armate, delle industrie belliche; la s. degli animi, delle coscienze."},{"name":"smobilizzare","definition":"Convertire in valori liquidi i valori precedentemente immobilizzati."},{"name":"smobilizzo","definition":"Operazione mediante la quale i valori mobiliari vengono trasformati in valori liquidi in un tempo pi\u00f9 breve del normale."},{"name":"smocciare","definition":"Ripulire del moccio."},{"name":"smoccicare","definition":"Moccicare: il piccino ha il naso che gli smoccica."},{"name":"smoccolare","definition":"Ripulire delle scolature di cera: s. la candela."},{"name":"smoccolatoio","definition":"Forbicetta di ottone per tagliare la parte carbonizzata dagli stoppini delle lucerne e delle candele."},{"name":"smoccolatura","definition":"Azione e risultato dello smoccolare una lucerna o una candela."},{"name":"smodatamente","definition":"In modo smodato, smoderatamente."},{"name":"smodato","definition":"Che va oltre il lecito e il conveniente, che \u00e8 senza modo e misura: smodata brama di ricchezze, di potere; smodate ambizioni; risa smodate; essere s. nel cibo, nel bere."},{"name":"smoderatamente","definition":"In modo smoderato, eccessivo."},{"name":"smoderatezza","definition":"Mancanza di moderazione, di misura: s. di vita, di costumi; s. di una pretesa, di un desiderio; spendere con s."},{"name":"smoderato","definition":"Privo di moderazione; smodato, esagerato: uomo s. in tutto; desideri smoderati; vita, costumi smoderati."},{"name":"smog","definition":"Aerosol costituito da una dispersione in aria di una miscela di fini goccioline d'acqua, fumi e altri prodotti di combustione, che forma una coltre di nebbia scura e greve, spec. nelle grandi citt\u00e0 industriali: lo s. di milano; la lotta contro lo s."},{"name":"smoking","definition":"Abito maschile da sera o elegante, generalmente di colore nero, con giacca a risvolti di seta."},{"name":"smollicare","definition":"Ridurre in molliche; sbriciolare: s. il pane per gli uccellini."}]