[{"name":"suffumigio","definition":"Sistema di assunzione di medicinali consistente nella loro inalazione sotto forma di vapore o di fumo: suffumigi a base di eucalipto."},{"name":"sufico","definition":"Che riguarda i sufi o il sufismo."},{"name":"sufismo","definition":"Movimento mistico con forti caratteri panteistici, sviluppatosi all'interno dell'islamismo."},{"name":"sugante","definition":"Che asciuga, che assorbe."},{"name":"suggellare","definition":"Apporre il suggello, sigillare: s. una pergamena."},{"name":"suggellazione","definition":"Azione e risultato del suggellare."},{"name":"suggello","definition":"Sigillo."},{"name":"suggere","definition":"Succhiare: s. il nettare dei fiori."},{"name":"suggerimento","definition":"Azione e risultato del suggerire."},{"name":"suggerire","definition":"Ricordare, rammentare qualcosa a qualcuno, a gesti o a voce bassa, senza che altri se ne accorgano: gli suggeriva le risposte esatte."},{"name":"suggeritore","definition":"Chi d\u00e0 suggerimenti."},{"name":"suggestionabile","definition":"Che \u00e8 facilmente influenzabile."},{"name":"suggestionabilita","definition":"Carattere di chi \u00e8 suggestionabile."},{"name":"suggestionare","definition":"Influenzare notevolmente la volont\u00e0 e il comportamento di qualcuno per mezzo della suggestione: lo ha suggestionato con racconti di spiriti e di streghe."},{"name":"suggestionato","definition":"Notevolmente influenzato da altri."},{"name":"suggestione","definition":"Processo psichico che conduce l'individuo ad agire secondo suggerimenti esterni, provenienti da personalit\u00e0 pi\u00f9 forti della sua o da situazioni ambientali particolarmente cariche di tensione emotiva, senza aver sub\u00ecto alcuna costrizione manifesta."},{"name":"suggestivita","definition":"Carattere di ci\u00f2 che \u00e8 suggestivo: la s. di una melodia, di un paesaggio."},{"name":"suggestivo","definition":"Che affascina, che incanta, creando suggestione: luogo s.; \u00e8 il romanzo pi\u00f9 s. che abbia letto; un'ipotesi suggestiva."},{"name":"sughera","definition":"Albero sempreverde della famiglia delle cupulifere, con foglie piccole e ovali e frutti a ghianda, il cui fusto \u00e8 rivestito da una scorza molto spessa, da cui si ricava il sughero."},{"name":"sugheraio","definition":"Chi lavora artigianalmente il sughero."},{"name":"sughereto","definition":"Bosco o coltivazione di querce da sughero."},{"name":"sughericolo","definition":"Che \u00e8 relativo alla coltivazione, alla lavorazione, all'industria del sughero."},{"name":"sughericoltore","definition":"Chi si dedica alla coltivazione delle querce da sughero."},{"name":"sughericoltura","definition":"Coltivazione delle querce da sughero a scopo commerciale."},{"name":"sugherificio","definition":"Stabilimento destinato alla lavorazione del sughero."},{"name":"sughero","definition":"Scorza della sughera, che fornisce un materiale elastico, leggero e altamente isolante, usato per produrre turaccioli, rivestimenti isolanti, pannelli ecc."},{"name":"sugherosita","definition":"Carattere di ci\u00f2 che \u00e8 sugheroso."},{"name":"sugheroso","definition":"Che ha l'aspetto o le propriet\u00e0 del sughero."},{"name":"sugli","definition":"Si usa davanti a parole m. pl. che cominciano per vocale e per s impura, gn, pn, ps, sc, x, z: s. allori; s. sci; s. psichiatri; s. organi."},{"name":"sugna","definition":"Grasso del maiale dal quale si ricava lo strutto."},{"name":"sugo","definition":"Succo, umore contenuto in frutta e ortaggi, e liquido derivante dalla loro spremitura: pomodori saporiti e ricchi di s.; aggiungere alle scaloppine il s. di due limoni."},{"name":"sugosita","definition":"Carattere di ci\u00f2 che \u00e8 sugoso."},{"name":"sugoso","definition":"Contenente molto succo: un frutto s."},{"name":"sui","definition":"Si usa davanti a parole m. pl. che cominciano per consonante diversa da s impura, gn, pn, ps, sc, x, z: s. ragazzi; s. giochi; s. libri; s. pensieri; s. soldi."},{"name":"suicida","definition":"Chi si toglie la vita volontariamente e deliberatamente: morire s.; recuperare il corpo del s."},{"name":"suicidarsi","definition":"Uccidersi; mettere volontariamente e deliberatamente fine alla propria vita: si \u00e8 suicidato con la pistola; ma che cosa l'avr\u00e0 spinto a s.?."},{"name":"suicidio","definition":"Uccisione di s\u00e9, atto col quale un individuo provoca volontariamente e deliberatamente la propria morte: il dissesto finanziario lo spinse al s."},{"name":"suindicato","definition":"Suddetto, citato precedentemente."},{"name":"suini","definition":"Sottofamiglia di mammiferi artiodattili della famiglia dei suidi, con muso assottigliato terminante in un grugno e tegumenti di elevato spessore rivestiti di setole."},{"name":"suinicolo","definition":"Relativo all'allevamento dei suini."},{"name":"suinicoltore","definition":"Chi alleva suini."},{"name":"suinicoltura","definition":"Allevamento di suini."},{"name":"suino","definition":"Di maiale: carne suina; allevamento s."},{"name":"suita","definition":"Nel linguaggio della filosofia medioevale, non dipendenza della divinit\u00e0 da alcuno se non da se stessa."},{"name":"suite","definition":"Corteo, seguito di persone che accompagnano un personaggio illustre."},{"name":"suiveur","definition":"Chi \u00e8 al seguito di una gara ciclistica, spec. a tappe, come tecnico, giornalista e sim."},{"name":"sul","definition":"Si usa davanti a parole m. sing. che cominciano per consonante diversa da s impura, gn, pn, ps, sc, x: s. mare; s. pane; s. letto; s. tetto."},{"name":"sulfamidico","definition":"Di un gruppo di composti organici derivati dalla sulfanilammide, caratterizzati dalla presenza nelle molecole di azoto e zolfo, impiegati in medicina spec. come farmaci ad azione antibatterica."},{"name":"sulfureo","definition":"Di zolfo, contenente zolfo: acque sulfuree."},{"name":"sulky","definition":"Carrozzino leggero a due ruote sul quale prende posto il guidatore nelle corse di cavalli al trotto."},{"name":"sulla","definition":"Si usa davanti a parole f. sing.: sull'anima; sull'energia; sull'iniziativa; s. tavola; s. bandiera."},{"name":"sulle","definition":"Si usa davanti a parole f. pl.: s. sedie; s. erbe; s. carte; s. iniziative."},{"name":"sullo","definition":"Si usa davanti a parole m. sing. che cominciano per consonante diversa da s impura, gn, pn, ps, sc, x, z: sull'albero; sull'orizzonte; sull'esercito; s. zoccolo; s. scenario."},{"name":"sullodato","definition":"Precedentemente lodato."},{"name":"sultana","definition":"Moglie o madre del sultano."},{"name":"sultanale","definition":"Del sultano relativo al sultano."},{"name":"sultanato","definition":"Dignit\u00e0 di sultano."},{"name":"sultanina","definition":"Variet\u00e0 di uva ad acini piccoli, senza semi, dalla quale si ricava l'uva passa."},{"name":"sultano","definition":"Titolo conferito all'imperatore della turchia e ad altri sovrani e principi orientali di religione musulmana."},{"name":"sumerico","definition":"Dei sumeri, relativo ai sumeri: civilt\u00e0, storia sumerica."},{"name":"sumero","definition":"Della popolazione che abit\u00f2 la mesopotamia nel iv e iii millennio a.c., sviluppandovi la pi\u00f9 antica civilt\u00e0 storica a noi nota."},{"name":"sumerologia","definition":"Studio della civilt\u00e0 dei sumeri."},{"name":"sumerologo","definition":"Esperto, studioso di sumerologia."},{"name":"summa","definition":"Nella cultura medievale, denominazione di opere di trattazione sistematica e completa di una disciplina: la s. teologica di san tommaso."},{"name":"summenzionato","definition":"Nominato in precedenza, summentovato."},{"name":"summit","definition":"Incontro al vertice tra grandi personalit\u00e0, spec. della politica internazionale, o tra dirigenti di alto livello: un s. tra i ministri degli esteri delle grandi potenze."},{"name":"sumo","definition":"Lotta giapponese praticata da lottatori di corporatura imponente, in cui vince chi per primo atterra o spinge fuori dal tappeto di combattimento l'avversario."},{"name":"sunna","definition":"Complesso delle regole di condotta derivate del corano e dal comportamento abituale di maometto nelle varie circostanze della vita, considerato esemplare dai musulmani ortodossi e da loro assunto come modello da imitare rigidamente."},{"name":"sunnismo","definition":"Nell'islamismo, corrente ortodossa che riconosce come valida la sunna e la mette in pratica."},{"name":"sunnominato","definition":"Nominato precedentemente."},{"name":"sunto","definition":"Sintesi orale o scritta; riassunto, compendio: fare il s. di un brano."},{"name":"suntuario","definition":"Riferito alle spese."},{"name":"suo","definition":"Di lui, di lei, di esso, di essa."},{"name":"suocera","definition":"La madre di uno dei due coniugi, rispetto all'altro coniuge."},{"name":"suocero","definition":"Il padre di uno dei due coniugi, rispetto all'altro coniuge."},{"name":"suola","definition":"Parte della scarpa a contatto con il suolo: s. di cuoio, di para, rinforzata."},{"name":"suolare","definition":"Fornire di suola o di nuova suola; risolare: s. le scarpe; portare le scarpe a s."},{"name":"suolatura","definition":"Applicazione della suola; risolatura: la s. delle scarpe."},{"name":"suolo","definition":"Superficie del terreno sulla quale si cammina: cadde al s."},{"name":"suonare","definition":"Produrre suoni con uno strumento musicale: s. il violino, la chitarra, il pianoforte; imparare a s. uno strumento."},{"name":"suonato","definition":"Di ora, che \u00e8 gi\u00e0 trascorsa: \u00e8 ora di andare, \u00e8 mezzanotte suonata; alle nove suonate non s'era ancora visto."},{"name":"suonatore","definition":"Chi suona uno strumento musicale: un famoso s. di pianoforte, di violino."},{"name":"suono","definition":"Prodotto della vibrazione di una sorgente sonora elastica, che si propaga per onde e stimola l'apparato uditivo provocando una sensazione acustica."},{"name":"suora","definition":"Religiosa appartenente a un ordine o a una congregazione con i soli voti semplici."},{"name":"suovetaurilia","definition":"Nel mondo romano antico, sacrificio solenne effettuato durante le lustrazioni e le purificazioni celebrate ogni cinque anni, in cui venivano sgozzati un porco, una pecora e un toro, dedicati a marte."},{"name":"super","definition":"Eccezionale, di qualit\u00e0"},{"name":"superabile","definition":"Che pu\u00f2 essere superato: una difficolt\u00e0 s."},{"name":"superabilita","definition":"Carattere di ci\u00f2 che \u00e8 superabile."},{"name":"superaffollamento","definition":"Affollamento eccessivo."},{"name":"superaffollato","definition":"Esageratamente affollato."},{"name":"superalcolico","definition":"Di bevanda che ha una gradazione alcolica superiore ai 21 gradi."},{"name":"superalimentazione","definition":"Alimentazione eccessiva rispetto a quella richiesta dall'organismo."},{"name":"superallenamento","definition":"Allenamento eccessivamente intenso, che nuoce al fisico e all'equilibrio nervoso di un atleta."},{"name":"superamento","definition":"Azione e risultato del superare: il s. di un ostacolo; s. in curva."},{"name":"superare","definition":"Essere superiore a qualcuno o a qualcosa per dimensione, peso, altezza, quantit\u00e0: una nave che supera per stazza tutte le altre in porto; adesso tuo fratello ti supera di statura; la produzione di quest'anno supera il fabbisogno nazionale."},{"name":"superato","definition":"Che non \u00e8 pi\u00f9 di moda; inattuale: teorie superate; un cantante ormai s."},{"name":"superattico","definition":"Piano posto al di sopra del piano dell'attico."},{"name":"superattivo","definition":"Che possiede un notevole grado di attivit\u00e0; che \u00e8 assai dinamico: un dirigente d'azienda s."},{"name":"superbamente","definition":"Con superbia, in modo superbo."},{"name":"superbia","definition":"Alta opinione di s\u00e9 che si manifesta con la costante ostentazione ed esaltazione delle proprie doti, unita a un atteggiamento sprezzante e altero nei confronti degli altri: mostrare s.; essere gonfio di s.; mettere su s.; salire in s."},{"name":"superbo","definition":"Che nutre o manifesta superbia: un uomo s.; non mostrarti s.; tenere un atteggiamento, un contegno s."},{"name":"superbollo","definition":"Tassa di circolazione maggiorata per alcune particolari categorie di autoveicoli e motoveicoli."},{"name":"supercarburante","definition":"Carburante per autotrazione caratterizzato da un alto numero di ottani, utilizzato nei motori a scoppio con rapporto di compressione elevato."},{"name":"supercarcere","definition":"Carcere in cui \u00e8 garantita la massima sicurezza, in cui sono rinchiusi detenuti considerati particolarmente pericolosi."},{"name":"supercemento","definition":"Cemento ad altissima resistenza e a indurimento rapido."},{"name":"supercilio","definition":"Cipiglio, atteggiamento altezzoso e sprezzante."},{"name":"supercilioso","definition":"Accigliato, arcigno, sprezzante."},{"name":"superclorazione","definition":"Sterilizzazione dell'acqua mediante aggiunta di cloro in quantit\u00e0 maggiore di quella normalmente necessaria, per permettere l'ossidazione e quindi la distruzione dei microrganismi in essa presenti."},{"name":"supercolosso","definition":"Appellativo riferito a realt\u00e0 politiche, economiche, commerciali, che svolgono un ruolo di assoluta preminenza: i supercolossi della politica mondiale, della produzione del petrolio, della distribuzione."},{"name":"superconduttivita","definition":"Propriet\u00e0 di molte sostanze conduttrici di elettricit\u00e0, la cui resistenza elettrica diminuisce bruscamente, fino a valori trascurabili, al di sotto di una temperatura critica."},{"name":"superconduttivo","definition":"Dotato di superconduttivit\u00e0."},{"name":"superconduttore","definition":"Metallo o sostanza formata da ossidi di vari metalli in cui pu\u00f2 manifestarsi il fenomeno della superconduttivit\u00e0."},{"name":"superconduzione","definition":"Stato di conduzione delle sostanze superconduttrici che si verifica al di sotto della temperatura critica."},{"name":"supercongelato","definition":"Surgelato."},{"name":"supercritico","definition":"Di fluido che ha raggiunto valori superiori al suo punto critico per quanto riguarda temperatura e pressione."},{"name":"superdecorato","definition":"Che, chi \u00e8 insignito di numerose onorificenze."},{"name":"superderivato","definition":"Di parola che deriva da un'"},{"name":"superdonna","definition":"Donna che ostenta un ingiustificato atteggiamento di superiorit\u00e0, spec. nei confronti di altre donne: darsi arie da s."},{"name":"superdose","definition":"Dose eccessiva, spec. di droga."},{"name":"superdotato","definition":"Che, chi \u00e8 dotato di requisiti fisici o intellettuali in misura superiore alla media."},{"name":"supererogatorio","definition":"Nella dottrina cattolica, di opera buona compiuta spontaneamente dal fedele, non per imposizione o per suggerimento."},{"name":"supererogazione","definition":"Compimento di un'opera supererogatoria."},{"name":"supereterodina","definition":"In radiotecnica, dispositivo grazie al quale la frequenza dell'onda portante in arrivo viene convertita in una frequenza intermedia prima della rivelazione del segnale di bassa frequenza."},{"name":"superfamiglia","definition":"Nella sistematica zoologica e botanica, raggruppamento sistematico superiore alla famiglia e inferiore all'ordine."},{"name":"superfecondazione","definition":"Fecondazione di due o pi\u00f9 ovuli, maturati nel corso dello stesso ciclo mestruale, dalla quale hanno origine i gemelli eterozigoti."},{"name":"superfetazione","definition":"Nei mammiferi, in seguito a irregolarit\u00e0 mestruale, fecondazione di un secondo ovulo e sviluppo di un secondo feto, quando nell'utero si \u00e8 gi\u00e0 formato un primo feto da una fecondazione precedente."},{"name":"superfice","definition":"Strato esterno di un corpo, che delimita lo spazio occupato dal corpo stesso rispetto allo spazio circostante: la s. di una parete; la s. di un mobile; la s. della terra; s. liscia, ruvida, lucente."},{"name":"superficiale","definition":"Relativo a superficie; che costituisce la superficie: strato s."},{"name":"superficialita","definition":"Carattere di chi, di ci\u00f2 che \u00e8 superficiale."},{"name":"superficialmente","definition":"In superficie."},{"name":"superficiario","definition":"Relativo al diritto di superficie."},{"name":"superficie","definition":"Strato esterno di un corpo, che delimita lo spazio occupato dal corpo stesso rispetto allo spazio circostante: la s. di una parete; la s. di un mobile; la s. della terra; s. liscia, ruvida, lucente."},{"name":"superfluidita","definition":"Propriet\u00e0 dell'elio liquido, per cui esso assume a temperature vicino allo zero assoluto valori di viscosit\u00e0 quasi nulli, il che gli permette di scorrere praticamente senza attrito."},{"name":"superfluido","definition":"Dotato di superfluidit\u00e0."},{"name":"superfluita","definition":"Carattere di chi, di ci\u00f2 che \u00e8 superfluo."},{"name":"superfluo","definition":"Che eccede, che non \u00e8 necessario; inutile: un commento s.; spese superflue; la notoriet\u00e0 del personaggio rende superflua qualsiasi presentazione."},{"name":"superfortezza","definition":"Potente aereo da bombardamento del tipo boeing b-29, utilizzato dagli statunitensi durante la seconda guerra mondiale."},{"name":"superfosfato","definition":"Fertilizzante fosfatico prodotto per attacco delle fosforiti con acido solforico, contenente fosforo in forma solubile."},{"name":"supergalassia","definition":"Sistema di galassie relativamente vicine tra loro."},{"name":"supergigante","definition":"Di stella di dimensioni centinaia di volte maggiori di quella del sole e molto superiori a quelle delle stelle giganti."},{"name":"superinfezione","definition":"Infezione che si sovrappone a una precedente infezione ancora in corso, causata da microrganismi uguali o diversi."},{"name":"superiora","definition":"Monaca o suora che dirige una comunit\u00e0 religiosa femminile."},{"name":"superiorato","definition":"Dignit\u00e0, ufficio di superiore o di superiora di una comunit\u00e0 religiosa."},{"name":"superiore","definition":"Che sta sopra, che sta in posizione pi\u00f9 elevata: i ripiani superiori della libreria; l'appartamento del piano s.; la parte s. del giardino."},{"name":"superiorita","definition":"Carattere di chi, di ci\u00f2 che \u00e8 superiore: mostrare s.; s. morale, intellettuale; ha vinto grazie alla sua netta s. sull'avversario."},{"name":"superlativo","definition":"Sommo, superiore a qualunque altro, eccellente: \u00e8 un gesto di superlativa bont\u00e0; un romanzo s."},{"name":"superlavoro","definition":"Lavoro eccessivo: \u00e8 esaurito per il s. dell'ultimo mese."},{"name":"superlega","definition":"Particolare lega metallica refrattaria, in grado di resistere alla corrosione a temperature elevatissime."},{"name":"supermaggiorata","definition":"Donna particolarmente provocante, con attributi femminili vistosamente sviluppati."},{"name":"superman","definition":"Individuo dotato di notevole forza fisica, capace di compiere grandi imprese nel settore in cui opera."},{"name":"supermarket","definition":"Supermercato."},{"name":"supermassimo","definition":"Nel pugilato, atleta di peso superiore a 91 kg."},{"name":"supermercato","definition":"Grande emporio al dettaglio di prodotti di largo consumo, dove l'acquirente si serve da solo."},{"name":"superminimo","definition":"Integrazione del salario minimo stabilita in aggiunta ai contratti collettivi di lavoro, che viene corrisposta in alcune aziende a tutti i lavoratori, in altre a titolo di riconoscimento personale a quelli che si sono maggiormente distinti."},{"name":"supermulta","definition":"Multa particolarmente esosa."},{"name":"supernazionale","definition":"Sopranazionale."},{"name":"supernazionalita","definition":"Sopranazionalit\u00e0."},{"name":"superno","definition":"Che sta in alto; superiore."},{"name":"supernova","definition":"Stella nova il cui splendore subisce un eccezionale aumento di intensit\u00e0, in concomitanza con una fase esplosiva catastrofica in cui vengono liberate enormi quantit\u00e0 di energia."},{"name":"supernutrizione","definition":"Alimentazione in quantit\u00e0 superiore alla norma; ipernutrizione."},{"name":"supero","definition":"Superiore, collocato pi\u00f9 in alto."},{"name":"superordine","definition":"Nella classificazione zoologica e botanica, raggruppamento di pi\u00f9 ordini."},{"name":"superottista","definition":"Cineamatore che filma con pellicole di formato superotto."},{"name":"superotto","definition":"Di tipo di pellicola cinematografica a passo ridotto che consente un aumento della superficie del fotogramma grazie a una diversa perforazione rispetto al normale formato 8 mm."},{"name":"superperito","definition":"Nel linguaggio giornalistico, esperto a cui, nel corso di un'istruttoria o di un processo, viene affidato il compito di controllare e di rivedere perizie chimiche, balistiche e sim. gi\u00e0 effettuate in precedenza da altri periti."},{"name":"superperizia","definition":"Perizia compiuta da un superperito."},{"name":"superpetroliera","definition":"Nave adibita al trasporto del petrolio, di stazza superiore alle 70.000 tonnellate."},{"name":"superpiuma","definition":"Nel pugilato, categoria di peso che, per i professionisti, comprende gli atleti da 57,153 a 58,925 kg."},{"name":"superpotenza","definition":"Stato dotato di un grande potenziale bellico, spec. di tipo atomico, e di un grande apparato industriale, che gli conferiscono un superiore peso politico internazionale."},{"name":"superproduzione","definition":"Sovrapproduzione."},{"name":"supersonico","definition":"Di velocit\u00e0 superiore a quella del suono: aereo s."},{"name":"superstar","definition":"Personaggio di grande richiamo nel mondo dello spettacolo o dello sport."},{"name":"superstite","definition":"Che \u00e8 sopravvissuto ad altri o si \u00e8 salvato in una sciagura in cui altri sono morti: i due passeggeri superstiti sono stati portati in salvo."},{"name":"superstizione","definition":"Complesso di credenze prive di fondamento razionale, caratteristiche della societ\u00e0 culturalmente arretrate, e insieme di riti di carattere magico praticati con l'intenzione di propiziare eventi desiderati, di esorcizzare destini funesti o di influenzare negativamente la sorte di qualcuno."},{"name":"superstiziosamente","definition":"In modo superstizioso."},{"name":"superstiziosita","definition":"Carattere di chi, di ci\u00f2 che \u00e8 superstizioso."},{"name":"superstizioso","definition":"Che \u00e8 propenso a credere che fattori e forze occulte possano influire sul destino umano: \u00e8 un uomo estremamente s."},{"name":"superstrada","definition":"Strada ad almeno due corsie per ogni senso di marcia, destinata a un traffico veloce, esente da pedaggio."},{"name":"supertassa","definition":"Sovrimposta straordinaria."},{"name":"superteste","definition":"Nel linguaggio giornalistico, testimone che, nel corso di un processo o di un'istruttoria, viene considerato essenziale per verificare le tesi dell'accusa o della difesa: i supertesti erano protetti dalla polizia."},{"name":"supertestimone","definition":"Superteste."},{"name":"supertransatlantico","definition":"Transatlantico di grossa stazza, capace di mantenere alte velocit\u00e0 di crociera."},{"name":"superumerale","definition":"Paramento sacro dell'antico culto ebraico, senza maniche, che veniva indossato dal sommo sacerdote."},{"name":"superuomo","definition":"Nel pensiero di f. nietzsche, concezione dell'uomo ideale che, animato dalla volont\u00e0 di potenza, rifiuta la morale comune e si affranca dai concetti del bene e del male, conquistando una posizione di predominio sopra gli altri uomini."},{"name":"supervalutare","definition":"Sopravvalutare: s. un bene."},{"name":"supervisione","definition":"Attivit\u00e0, ruolo di chi dirige o controlla l'esecuzione di un lavoro, di un'opera."},{"name":"supervisore","definition":"Chi sovrintende alla realizzazione di un'opera controllando e coordinando il lavoro svolto da altri."},{"name":"superwelter","definition":"Nel pugilato, categoria di peso che, per i professionisti, comprende gli atleti da 66,679 a 69,853 kg."},{"name":"supinatore","definition":"Di muscolo dell'avambraccio la cui azione permette la supinazione."},{"name":"supinazione","definition":"Movimento dell'avambraccio che consente di rovesciare la mano con il palmo rivolto in avanti."},{"name":"supino","definition":"Di posizione del corpo umano sdraiato sulla schiena con il viso rivolto verso l'alto: mettersi supini."},{"name":"suppedaneo","definition":"Panchetto, pedana o piccolo tappeto da tenere sotto i piedi."},{"name":"suppellettile","definition":"Insieme degli arredi e delle attrezzature di una casa, di un ufficio, di un teatro e sim.: una s. di raro pregio; suppellettili del settecento; suppellettili scolastiche."},{"name":"suppergiu","definition":"Circa, pressappoco, pi\u00f9 o meno: partirono s. alle sette."},{"name":"supplementare","definition":"Che serve di supplemento; suppletivo: tariffa, razione s.; corsa s."},{"name":"supplemento","definition":"Ci\u00f2 che conferisce integrit\u00e0 e completezza a qualcosa che appare carente, parziale, incompleto: mi occorre un s. d'informazioni."},{"name":"supplentato","definition":"Condizione, ufficio del supplente, spec. scolastico."},{"name":"supplente","definition":"Che, chi sostituisce temporaneamente un altro lavoratore, spec. un impiegato o un insegnante, assente dall'esercizio delle proprie funzioni: la s. di filosofia; un professore s."},{"name":"supplenza","definition":"Ufficio, incarico di supplente: ottenere una s. al liceo scientifico."},{"name":"suppletivismo","definition":"Eteroclisia."},{"name":"suppletivo","definition":"Che serve a supplire, che integra; supplementare."},{"name":"suppletorio","definition":"Suppletivo."},{"name":"suppli","definition":"Crocchetta di riso farcita di carne tritata, rigaglie di pollo, funghi e mozzarella, fritta nell'olio, tipica della cucina romana."},{"name":"supplica","definition":"Implorazione, umile preghiera con cui si chiede qualcosa a qualcuno che esercita un'autorit\u00e0: si rivolse al padre in atto di s."},{"name":"supplicante","definition":"Che, chi rivolge una supplica."},{"name":"supplicare","definition":"Pregare qualcuno che detiene un'autorit\u00e0, un potere, con intenso e umile fervore: vi supplico di perdonarmi."},{"name":"supplicazione","definition":"Presso gli antichi romani, rito celebrato per ringraziare gli d\u00e8i o per placare la loro collera."},{"name":"supplice","definition":"Che supplica, implora, chiede grazia; supplichevole: preghiere supplici."},{"name":"supplichevole","definition":"Atteggiato in umile preghiera; supplice: occhi supplichevoli; tono s."},{"name":"supplichevolmente","definition":"In modo, con atteggiamento supplichevole."},{"name":"supplire","definition":"Compensare, integrare ci\u00f2 che presenta una carenza, un difetto: supplisce alla scarsit\u00e0 dello stipendio con un secondo lavoro; supplisce con la memoria alla scarsit\u00e0 d'ingegno."},{"name":"supplizio","definition":"Grave pena corporale: il s. della crocifissione, della flagellazione; subire un s."},{"name":"supponente","definition":"Che, chi si atteggia in modo sdegnoso e arrogante verso gli altri: \u00e8 un tipo presuntuoso e s."},{"name":"supponenza","definition":"Atteggiamento sdegnoso e arrogante: la sua s. irrita chiunque lo frequenti."},{"name":"supponibile","definition":"Che si pu\u00f2 presumere; che pu\u00f2 essere supposto."},{"name":"supporre","definition":"Congetturare, immaginare per ipotesi, presumere: supponi che io ora parta per un mese di vacanza: tu che faresti?."},{"name":"supportare","definition":"Fornire qualcosa di un supporto: s. una mensola."},{"name":"supporter","definition":"Sostenitore di una squadra sportiva, di un atleta o di un personaggio famoso."},{"name":"supporto","definition":"Basamento o struttura idonea a tenere sollevato o a sostenere qualcosa: il s. ligneo di una pittura."},{"name":"suppositorio","definition":"Preparato farmaceutico da introdursi in determinate cavit\u00e0 naturali."},{"name":"supposizione","definition":"Il supporre: ci sono arrivato per s."},{"name":"supposta","definition":"Suppositorio di forma ogivale, che viene somministrato per via anale."},{"name":"supposto","definition":"Presunto, che si suppone: il s. autore del delitto \u00e8 stato arrestato."},{"name":"suppurare","definition":"Venire a suppurazione; produrre pus in seguito a un processo infiammatorio."},{"name":"suppurativo","definition":"Di, relativo a suppurazione: febbre suppurativa."},{"name":"suppurazione","definition":"Processo infiammatorio accompagnato da secrezione di pus: la ferita \u00e8 venuta a s."},{"name":"supputare","definition":"Calcolare, computare."},{"name":"supraliminale","definition":"Riferito al settore cosciente dell'attivit\u00e0 psichica; che pu\u00f2 essere consapevolmente percepito."},{"name":"suprema","definition":"Adattamento di supr\u00eame."},{"name":"supremamente","definition":"In modo supremo."},{"name":"suprematismo","definition":"Movimento artistico avviato in russia da k. malevic^ e sviluppatosi negli anni intorno alla prima guerra mondiale, che si prefiggeva di raggiungere l'estrema semplificazione degli elementi figurativi, ridotti alla pura struttura geometrica, liberando l'arte da ogni finalit\u00e0 pratica o estetica."},{"name":"supremazia","definition":"Potere incontrastato, superiorit\u00e0 assoluta, preminenza sugli altri: s. economica, militare; la nostra squadra ha dimostrato in campo una s. schiacciante."},{"name":"supreme","definition":"Piatto costituito principalmente da petti di pollo o di tacchino, cucinato e servito con una salsa densa e vellutata."},{"name":"supremo","definition":"Sommo, della massima importanza, di massimo grado: capo s. dello stato; corte suprema; tribunale s."},{"name":"suralimentazione","definition":"Sovralimentazione."},{"name":"surclassare","definition":"Superare, vincere uno o pi\u00f9 avversari con largo margine, manifestando una netta superiorit\u00e0: con una prestazione formidabile ha surclassato tutti; \u00e8 stato surclassato dall'avversario fin dall'inizio."},{"name":"surcompressione","definition":"Nei motori a scoppio, aumento del rapporto di compressione e conseguente aumento della potenza, in seguito a riduzione del volume della camera di scoppio."},{"name":"surcompresso","definition":"Di motore a scoppio in regime di surcompressione."},{"name":"surcontre","definition":"Nel gioco del bridge, dichiarazione con cui ci si oppone a una controdichiarazione."},{"name":"surf","definition":"Tavola in materiale plastico, munita di deriva, lunga circa 2 m, che serve per praticare uno sport consistente nel restare in equilibrio su tale tavola mentre essa plana sulla cresta delle onde del mare e in part. dell'oceano."},{"name":"surfactante","definition":"Tensioattivo."},{"name":"surfing","definition":"Sport che si pratica con il surf."},{"name":"surfista","definition":"Chi pratica lo sport del surf."},{"name":"surgelamento","definition":"Azione e risultato del surgelare; surgelazione."},{"name":"surgelare","definition":"Sottoporre un alimento a surgelazione."},{"name":"surgelato","definition":"Di alimento che, sottoposto a processo di surgelamento, \u00e8 in grado di conservarsi per moltissimo tempo: pesce, carne, verdura surgelata."},{"name":"surgelazione","definition":"Processo che consente una lunga conservazione di alimenti, crudi o precotti, lasciandone intatte le propriet\u00e0 organolettiche e nutritive, consistente nel congelare il cibo a temperature molto pi\u00f9 basse di quelle della congelazione ordinaria, cio\u00e8 non superiori a 18 \u00b0c, per essere poi conservato a bassa temperatura."},{"name":"suriettivo","definition":"Della suriezione; relativo alla suriezione."},{"name":"suriezione","definition":"Nell'insiemistica, corrispondenza univoca tra due insiemi, secondo la quale a ogni elemento del secondo corrisponde almeno un elemento del primo."},{"name":"surmenage","definition":"Sforzo, eccesso di applicazione, spec. mentale, con conseguente affaticamento."},{"name":"surplace","definition":"Nel ciclismo, in alcune gare di velocit\u00e0 su pista, posizione di perfetto equilibrio sulla bicicletta ferma, che i corridori assumono per cogliere l'attimo pi\u00f9 favorevole per scattare, sorprendendo l'avversario."},{"name":"surplus","definition":"Eccedenza di produzione."},{"name":"surra","definition":"Malattia tropicale trasmessa da tripanosomi, che colpisce spec. i cammelli."},{"name":"surreale","definition":"Che supera la dimensione del reale."},{"name":"surrealismo","definition":"Movimento letterario e artistico d'avanguardia, fondato in francia e affermatosi nel periodo tra le due guerre mondiali, che si prefiggeva di superare l'osservazione e la riproduzione realistica di fatti, persone, oggetti costretti in schemi logici giudicati troppo angusti e rigidi, e di rivalutare la componente prerazionale e irrazionale della creativit\u00e0 umana, sfruttando spec. le suggestioni degli stati onirici o ipnotici."},{"name":"surrealista","definition":"Seguace del surrealismo."},{"name":"surrealistico","definition":"Riferito al surrealismo o ai surrealisti."},{"name":"surrenale","definition":"Del surrene; che interessa il surrene: arteria, ormone, crisi s."},{"name":"surrenalite","definition":"Infiammazione della ghiandola surrenale."},{"name":"surrene","definition":"Ghiandola endocrina che si trova sopra il polo superiore di ogni rene; ghiandola surrenale."},{"name":"surrettizio","definition":"Di atto con cui viene intenzionalmente occultato o sottaciuto un fatto di particolare rilievo: la deposizione surrettizia di un testimone."},{"name":"surrezione","definition":"Nel diritto canonico, in una controversia o in una domanda di grazia, reticenza nell'esposizione dei fatti con omissione degli elementi in grado di precludere l'atto giuridico."},{"name":"surricordato","definition":"Ricordato in precedenza; gi\u00e0 citato."},{"name":"surriferito","definition":"Precedentemente riferito; gi\u00e0 riportato."},{"name":"surriscaldamento","definition":"Processo di trasformazione del vapore saturo in vapore surriscaldato, che si attua portandolo a una temperatura superiore a quella di saturazione, a pressione costante."},{"name":"surriscaldare","definition":"Sottoporre a surriscaldamento."},{"name":"surriscaldatore","definition":"Organo di impianto termico preposto al surriscaldamento."},{"name":"surroga","definition":"Surrogazione."},{"name":"surrogabile","definition":"Che si pu\u00f2 sostituire, surrogare: beni surrogabili."},{"name":"surrogabilita","definition":"Carattere di ci\u00f2 che \u00e8 surrogabile, sostituibile."},{"name":"surrogamento","definition":"Azione e risultato del surrogare; surrogazione."},{"name":"surrogare","definition":"Sostituire, mettere una persona o una cosa al posto di un'"},{"name":"surrogato","definition":"Di cosa che ne pu\u00f2 sostituire un'"},{"name":"surrogatorio","definition":"Che ha validit\u00e0 come surrogato, che pu\u00f2 sostituire qualcos'altro con effetti e risultati analoghi."},{"name":"surrogazione","definition":"Azione e risultato del surrogare."},{"name":"survivalismo","definition":"Attivit\u00e0 di carattere sportivo per mezzo della quale si impara e ci si allena a sopravvivere con pochissimi mezzi a disposizione in luoghi deserti e pericolosi."},{"name":"survivalista","definition":"Chi pratica il survivalismo."},{"name":"survivalistico","definition":"Del survivalismo."},{"name":"survoltare","definition":"Sottoporre a tensione superiore a quella nominale di funzionamento."},{"name":"survoltato","definition":"Sottoposto a tensione superiore a quella nominale di funzionamento."},{"name":"survoltore","definition":"Macchina elettrica rotante o dispositivo inserito in un impianto, generalmente a corrente continua, in modo da sommare la sua forza elettromotrice alla tensione fornita da"},{"name":"suscettanza","definition":"Componente immaginaria dell'ammettenza di un circuito elettrico alimentato da corrente alternata."},{"name":"suscettibile","definition":"Che pu\u00f2 essere soggetto all'azione di fattori e processi esterni: una situazione s. di grandi miglioramenti; un valore s. di rapidi aumenti."},{"name":"suscettibilita","definition":"Carattere di chi, di ci\u00f2 che \u00e8 suscettibile: non urtare la sua s."},{"name":"suscettivita","definition":"Carattere di ci\u00f2 che \u00e8 suscettivo."},{"name":"suscettivo","definition":"Idoneo ad assumere in s\u00e9 qualcosa."},{"name":"suscitare","definition":"Originare, causare, destare, provocare: la notizia suscit\u00f2 interesse; il tuo successo suscita molte invidie; un racconto che suscita commozione."},{"name":"suscitatore","definition":"Che suscita, fa nascere, risveglia qualcosa, o \u00e8 in grado di farlo: un romanzo s. di profonde emozioni."},{"name":"susina","definition":"Frutto del susino, di vario colore, a drupa carnosa, con buccia liscia e pruinosa."},{"name":"susino","definition":"Albero da frutta della famiglia delle rosacee, con corteccia nerastra, grandi foglie ovali, fiori bianchi e frutti commestibili."},{"name":"suspense","definition":"Stato di tensione, di ansia, di attesa che si crea quando si assiste allo svolgersi di fatti altamente drammatici dei quali non si \u00e8 in grado di prevedere la conclusione, ampiamente utilizzato come espediente narrativo, spec. nei romanzi gialli e nei film d'orrore: la s. di un film poliziesco."},{"name":"suspicione","definition":"Dubbio, sospetto, timore, diffidenza."},{"name":"susseguente","definition":"Che succede, che segue, che viene dopo nel tempo; successivo: il mattino s.; le indagini susseguenti alla strage."},{"name":"susseguentemente","definition":"Successivamente; di conseguenza."},{"name":"susseguire","definition":"Venire, seguire immediatamente dopo: la primavera sussegue all'inverno."},{"name":"sussi","definition":"Gioco infantile che consiste nel cercare di far cadere una moneta posta su una pietra ritta."},{"name":"sussidiare","definition":"Fornire di aiuto, di sussidio, generalmente in denaro; aiutare con una sovvenzione: i comuni sinistrati saranno sussidiati dallo stato."},{"name":"sussidiario","definition":"Che \u00e8 di sussidio: esercito s."},{"name":"sussidiato","definition":"Aiutato, sostenuto con una sovvenzione."},{"name":"sussidiatore","definition":"Che, chi sussidia: ente s.; i sussidiatori di un'iniziativa di beneficenza."},{"name":"sussidio","definition":"Aiuto, soccorso: truppe mandate in s. degli assedianti; tradurre con il s. di un dizionario."},{"name":"sussiego","definition":"Atteggiamento grave o sostenuto, quasi altezzoso: rispondere con aria di s.; parlare con s."},{"name":"sussiegoso","definition":"Pieno di sussiego: modi sussiegosi."},{"name":"sussistente","definition":"Che sussiste, che ha ancora validit\u00e0: motivi sussistenti."},{"name":"sussistenza","definition":"Il sussistere, l'esistere in s\u00e9 e non in relazione ad altro."},{"name":"sussistere","definition":"Avere esistenza; esistere in s\u00e9: non sussistono prove sufficienti contro di lui."},{"name":"sussultare","definition":"Sobbalzare, trasalire per un'improvvisa emozione: s. per la gioia, per il dolore, di paura."},{"name":"sussulto","definition":"Sobbalzo, trasalimento per improvvisa emozione: leggendo quella lettera ebbe un s.; dare un s."},{"name":"sussultorio","definition":"Che produce, si manifesta attraverso sussulti."},{"name":"sussumere","definition":"Ricondurre un caso specifico al caso generale previsto da una norma di legge."},{"name":"sussuntivo","definition":"Che vale a sussumere; che costituisce sussunzione: giudizio di s."},{"name":"sussunzione","definition":"Azione e risultato del sussumere: giudizio s.; sillogismo di s."},{"name":"sussurrare","definition":"Produrre un sussurro, mormorare: il vento sussurrava dolcemente tra le fronde."},{"name":"sussurratore","definition":"Che sussurra, che mormora malevolmente: una malalingua sussurratrice."},{"name":"sussurrazione","definition":"Azione e risultato del sussurrare."},{"name":"sussurrio","definition":"Un sussurrare prolungato e insistente: il s. del vento tra le foglie; un s. di malcontento."},{"name":"sussurro","definition":"Azione e risultato del sussurrare."},{"name":"susta","definition":"Ciascuna delle stanghette degli occhiali."},{"name":"susurro","definition":"Azione e risultato del sussurrare."},{"name":"sutura","definition":"Cucitura; saldatura."},{"name":"suturabile","definition":"Che si pu\u00f2 suturare."},{"name":"suturale","definition":"Di sutura; che riguarda, che costituisce una sutura: legamento, membrana s."},{"name":"suturare","definition":"Chiudere, riunire con una sutura: s. una ferita."},{"name":"suvvi","definition":"Su, sopra di esso, di essa."},{"name":"suvvia","definition":"Esprime esortazione, incoraggiamento o impazienza: s., non piangere!; s., deciditi!; s., non farmi perdere la pazienza anche questa volta!."},{"name":"suzione","definition":"Azione del succhiare: la s. del poppante."},{"name":"svaccato","definition":"Che si \u00e8 lasciato andare, che \u00e8 privo di motivazioni e di interessi; svogliato, passivo: studenti svaccati; un pubblico s. e volgare."},{"name":"svagamento","definition":"Lo svagare, lo svagarsi."},{"name":"svagare","definition":"Distrarre, ricreare; distogliere da pensieri, da preoccupazioni: una passeggiata servir\u00e0 a svagarti; la musica lo svaga quando \u00e8 triste."},{"name":"svagatezza","definition":"Carattere di chi si distrae con facilit\u00e0: con la tua s. ti sar\u00e0 difficile riuscire negli studi."},{"name":"svagato","definition":"Che non \u00e8 concentrato su ci\u00f2 che fa; distratto, disattento: sei sempre cos\u00ec s.!; non credo che l'abbia fatto apposta: \u00e8 soltanto s."},{"name":"svago","definition":"Distrazione da fatiche e preoccupazioni; passatempo divertente e ricreativo: un po' di s. dopo tanto lavoro; ho bisogno di s."},{"name":"svagolare","definition":"Distrarre, rendere svagato e disattento."},{"name":"svagolato","definition":"Distratto, svagato, disattento: uno studente s. e inconcludente."},{"name":"svaligiamento","definition":"Azione e risultato dello svaligiare; furto, rapina di tutto ci\u00f2 che si trova in un luogo chiuso: lo s. di un appartamento, della banca, del furgone blindato."},{"name":"svaligiare","definition":"Rubare, rapinare il denaro, i valori, gli oggetti preziosi che si trovano all'interno di un luogo, dopo esservi penetrati abusivamente: s. una banca, un appartamento, un negozio; i ladri hanno svaligiato la villa al mare."},{"name":"svaligiatore","definition":"Chi ruba svaligiando: uno s. di appartamenti."},{"name":"svalutare","definition":"Abbassare, ridurre il valore di qualcosa: s. la moneta; s. le azioni."},{"name":"svalutazione","definition":"Diminuzione del valore o del prezzo di qualcosa: la s. dei terreni agricoli, del capitale sociale."},{"name":"svampare","definition":"Divampare, spec. d'improvviso: una lingua di fuoco svamp\u00f2 dalla caldaia."},{"name":"svampire","definition":"Svaporare, evaporare: la fragranza di questo profumo non \u00e8 ancora svampita."},{"name":"svampito","definition":"Che, chi \u00e8 svagato, distratto, superficiale: che svampita, sono uscita di casa in pantofole!."},{"name":"svanimento","definition":"Azione e risultato dello svanire: lo s. di un vino."},{"name":"svanire","definition":"Scomparire lentamente, sfumare, dileguarsi nel nulla: la sua figura svan\u00ec nel buio; la riva svaniva mentre prendevamo il largo."},{"name":"svanito","definition":"Di odore, di sapore, che non ha pi\u00f9 intensit\u00e0: un profumo ormai s."},{"name":"svantaggiato","definition":"Che si trova in uno stato di inferiorit\u00e0 rispetto ad altri; sfavorito: essere, sentirsi s.; sei s. perch\u00e9 non sai l'inglese."},{"name":"svantaggio","definition":"Stato di inferiorit\u00e0, di sfavore, di impedimento; danno: sono in s. rispetto a te che sai gi\u00e0 sciare; hai lo s. di non conoscere le lingue."},{"name":"svantaggioso","definition":"Che crea una condizione di sfavore, d'inferiorit\u00e0, di svantaggio: questo accordo per me \u00e8 s.; posizione svantaggiosa."},{"name":"svanzica","definition":"Lira d'argento austriaca, del valore di venti soldi, che era in uso nel lombardo-veneto e in altre zone dell'italia settentrionale."},{"name":"svaporamento","definition":"Perdita di odore, indebolimento dell'aroma, spec. di profumi, liquori e sim."},{"name":"svaporare","definition":"Di profumi, liquori, liquidi aromatici e sim. perdere progressivamente odore e sapore: se lasci aperta la boccetta il profumo svapora."},{"name":"svaporato","definition":"Che ha perso odore, aroma, sapore: un vecchio profumo s.; un cognac s."},{"name":"svaporazione","definition":"Svaporamento."},{"name":"svariare","definition":"Rendere vario, diversificare per rendere pi\u00f9 gradevole: s. uno spettacolo troppo monotono."},{"name":"svariatezza","definition":"Variet\u00e0, molteplicit\u00e0: la s. degli articoli proposti rendeva imbarazzante la scelta."},{"name":"svariato","definition":"Vario, molteplice; diverso: uno s. assortimento di modelli; un vestito che puoi trovare in svariati colori."},{"name":"svario","definition":"Differenza, divario."},{"name":"svarione","definition":"Errore grave, spec. di carattere linguistico; sproposito: un tema pieno di svarioni; uno s. tipografico."},{"name":"svasare","definition":"Togliere le piante dal vaso, spec. per rinnovare la terra."},{"name":"svasato","definition":"Modellato secondo la forma di un tronco di cono, dritto o rovesciato."},{"name":"svasatura","definition":"Nella coltivazione delle piante, operazione consistente nel togliere le piante da un vaso per trasferirle in un altro pi\u00f9 grande o in piena terra, oppure per cambiarne la terra."},{"name":"svaso","definition":"Svasatura."},{"name":"svasso","definition":"Uccello di palude dell'ordine dei columbiformi, con il piumaggio bianco e nero e zampe all'indietro."},{"name":"svastica","definition":"Croce a quattro bracci di uguale lunghezza, terminanti ciascuno con un ripiegamento ad angolo retto rivolto in senso orario o antiorario, che costituiva il simbolo magico-religioso di molti popoli antichi e rappresentava probabilmente il moto apparente del sole."},{"name":"svecchiamento","definition":"Azione e risultato dello svecchiare; ringiovanimento, ammodernamento: lo s. del personale di un'azienda; lo s. delle strutture dell'amministrazione statale."},{"name":"svecchiare","definition":"Liberare da ci\u00f2 che \u00e8 vecchio o troppo vecchio; ammodernare, rinnovare: s. le strutture burocratiche dello stato; s. il costume, la mentalit\u00e0."},{"name":"svecciare","definition":"Separare il grano, l'orzo e sim. dai semi di veccia."},{"name":"svecciatoio","definition":"Apparecchio impiegato nell'industria molitoria per ripulire il grano da impurit\u00e0 e separare da esso i semi di veccia o di altri cereali."},{"name":"svecciatore","definition":"Svecciatoio."},{"name":"svedese","definition":"Della svezia, relativo alla svezia: nazione s.; popolazione s.; cultura s."},{"name":"sveglia","definition":"Levata; il momento in cui si interrompe il sonno: l'ora della s. \u00e8 fissata per le sette."},{"name":"svegliare","definition":"Destare, far uscire dal sonno chi sta dormendo: vi sveglier\u00f2 alle nove; lo svegli\u00f2 lo squillo del telefono."},{"name":"svegliata","definition":"Azione e risultato dello svegliare o dello svegliarsi."},{"name":"svegliato","definition":"Sveglio; che non dorme."},{"name":"sveglio","definition":"Che \u00e8 in stato di veglia, che non dorme: alle sette ero gi\u00e0 s.; vado a vedere se \u00e8 s. o se sta ancora dormendo."},{"name":"svelamento","definition":"Azione e risultato dello svelare o dello svelarsi."},{"name":"svelare","definition":"Privare del velo, scoprire."},{"name":"svelatore","definition":"Che, chi svela, che scopre segreti e fatti nascosti."},{"name":"svelatura","definition":"Nella tecnica del restauro, operazione di rimozione dai dipinti antichi delle velature sovrapposte."},{"name":"svelenire","definition":"Privare del veleno: s. i denti di una vipera; s. l'aria malsana."},{"name":"svellere","definition":"Staccare, strappare con violenza; sradicare: s. una pianta dal terreno."},{"name":"svellimento","definition":"Azione e risultato dello svellere; sradicamento."},{"name":"sveltamente","definition":"In modo svelto, celermente."},{"name":"sveltezza","definition":"Carattere di chi \u00e8 lesto, rapido, sollecito, nell'operare: s. di mano, di movimento; sa maneggiare le carte da gioco con grande s."},{"name":"sveltimento","definition":"Azione e risultato dello sveltire, dello sveltirsi: mi sono interessato per lo s. della sua pratica."},{"name":"sveltina","definition":"Rapporto sessuale frettoloso e sbrigativo."},{"name":"sveltire","definition":"Accelerare, rendere pi\u00f9 rapido, spedito: s. l'iter di una pratica; se non sveltisci il tuo ritmo di lavoro, non finirai in tempo; s. il traffico."},{"name":"svelto","definition":"Lesto, rapido: camminava a passo s.; era s. nel lavorare."},{"name":"svenare","definition":"Uccidere tagliando le vene; dissanguare."},{"name":"svendere","definition":"Vendere sotto costo o a prezzo inferiore a quello normalmente praticato: la folla si accalcava davanti al negozio dove stavano svendendo tutto."},{"name":"svendita","definition":"Vendita di merce a prezzi particolarmente convenienti: svendite di fine stagione."},{"name":"svenevole","definition":"Che ha un comportamento eccessivamente languido, sdolcinato o lezioso: un tipo s., che crede di conquistare tutti con le sue moine."},{"name":"svenevolezza","definition":"Carattere di chi, di ci\u00f2 che \u00e8 svenevole."},{"name":"svenimento","definition":"Temporanea perdita dei sensi, della coscienza."},{"name":"svenire","definition":"Perdere i sensi, venire meno: s. per la fame, per la debolezza, per il dolore."},{"name":"sventagliare","definition":"Ventilare agitando il ventaglio, o a guisa di ventaglio, nell'intento di fare aria: le sventagliava il viso con il giornale."},{"name":"sventagliata","definition":"Atto dello sventagliare o dello sventagliarsi: si dava delle gran sventagliate per il caldo."},{"name":"sventare","definition":"Impedire il verificarsi di un evento negativo; rendere vano, far fallire: l'intervento della polizia svent\u00f2 il colpo dei banditi; le rivelazioni della stampa contribuirono a s. il complotto."},{"name":"sventatezza","definition":"Carattere di chi, di ci\u00f2 che \u00e8 sventato: con la sua s., dimentica sempre qualcosa."},{"name":"sventato","definition":"Sbadato, distratto."},{"name":"sventola","definition":"Arnese per"},{"name":"sventolamento","definition":"Azione e risultato dello sventolare: un gran s. di bandiere."},{"name":"sventolare","definition":"Muovere, agitare qualcosa al vento: sventol\u00f2 il berretto in segno di saluto."},{"name":"sventolata","definition":"Azione dello sventolare o dello sventolarsi, spec. rapidamente."},{"name":"sventolio","definition":"Uno sventolare continuo e insistente: sfilarono tra un grande s. di bandiere."},{"name":"sventramento","definition":"Azione e risultato dello sventrare: lo s. di un pesce."},{"name":"sventrare","definition":"Aprire il ventre degli animali macellati per estrarne le interiora."},{"name":"sventrata","definition":"Operazione del togliere le viscere a un animale prima di cucinarlo: dare una s. al fagiano."},{"name":"sventrato","definition":"Squarciato: una poltrona tutta sventrata."},{"name":"sventura","definition":"Sfortuna, sorte avversa: la s. continu\u00f2 a infierire contro la sua famiglia."},{"name":"sventuratamente","definition":"Disgraziatamente, sfortunatamente."},{"name":"sventurato","definition":"Colpito dalla sventura; disgraziato: una giovane sventurata."},{"name":"sverdire","definition":"Perdere il verde: l'erba \u00e8 sverdita."},{"name":"sverginamento","definition":"Azione e risultato dello sverginare; deflorazione."},{"name":"sverginare","definition":"Privare della verginit\u00e0."},{"name":"svergognamento","definition":"Azione dello svergognare: che s. per lui quel servizio giornalistico!."},{"name":"svergognare","definition":"Far vergognare qualcuno rimproverandolo aspramente, spec. di fronte ad altre persone: s. qualcuno in pubblico."},{"name":"svergognatezza","definition":"Carattere di chi, di ci\u00f2 che \u00e8 svergognato; sfrontatezza."},{"name":"svergognato","definition":"Che, chi non prova vergogna per le proprie malefatte o per la propria mancanza di pudore: che ragazzini svergognati!; \u00e8 una svergognata."},{"name":"svergolamento","definition":"Deformazione per torsione di una sbarra o di una superficie piana."},{"name":"svergolare","definition":"Deformare sottoponendo a torsione."},{"name":"svernamento","definition":"Lo svernare: lo s. delle pecore."},{"name":"svernare","definition":"Trascorrere la stagione fredda in condizioni climatiche il pi\u00f9 possibile miti e favorevoli: quest'anno preferirei s. ai tropici."},{"name":"sverniciante","definition":"Di sostanza atta a sverniciare."},{"name":"sverniciare","definition":"Privare della vernice: s. un vecchio mobile scrostato."},{"name":"sverniciatore","definition":"Persona addetta alla sverniciatura."},{"name":"sverno","definition":"Svernamento."},{"name":"sversamento","definition":"Scarico, deflusso di sostanza tossica o inquinante."},{"name":"sverza","definition":"Scheggia lunga e sottile, di legno o altro materiale."},{"name":"sverzare","definition":"Tagliare ottenendo sverze o schegge, spec. di legno."},{"name":"sverzino","definition":"Albero originario dell'america merid., spec. del brasile, da cui si ottiene un legname pregiato di colore rosso."},{"name":"svescicatura","definition":"Azione e risultato dello svescicare o dello svescicarsi; ustione, bruciatura con vesciche."},{"name":"svestire","definition":"Spogliare; togliere le vesti: lo svest\u00ec e lo mise a letto."},{"name":"svestito","definition":"Spogliato; privato delle vesti."},{"name":"svettare","definition":"Pareggiare la cima dei rami o di una siepe: s. un gelso."},{"name":"svettatoio","definition":"Cesoia a molla per svettare gli alberi, generalm. montata su una lunga pertica."},{"name":"svettatura","definition":"Azione e risultato dello svettare piante e alberi."},{"name":"svevo","definition":"Della svevia, relativo alla svevia, regione storica della germania sud-occidentale, o alla popolazione che anticamente la popolava."},{"name":"svezzamento","definition":"Azione e risultato dello svezzare o dello svezzarsi."},{"name":"svezzare","definition":"Far perdere un vezzo, un vizio, un'abitudine a qualcuno: \u00e8 difficile s. un fumatore."},{"name":"sviamento","definition":"Azione e risultato dello sviare o dello sviarsi: lo s. del traffico a causa dei lavori in corso."},{"name":"sviare","definition":"Far uscire dalla via giusta; deviare, dirottare: un'errata indicazione stradale lo svi\u00f2; s. il colpo."},{"name":"sviato","definition":"Deviato, dirottato."},{"name":"sviatoio","definition":"Dispositivo che ha la funzione di far deragliare eventuali convogli ferroviari in marcia non controllata."},{"name":"svicolare","definition":"Girare l'angolo, prendere per vicoli per evitare l'incontro con qualcuno o qualcosa di sgradito: appena mi vede svicola, perch\u00e9 mi deve dei soldi."},{"name":"svignare","definition":"Andarsene in fretta e furtivamente per evitare una cosa o una persona spiacevole, sgradita: per non farsi coinvolgere, svign\u00f2 via con una scusa."},{"name":"svigorimento","definition":"Azione e risultato dello svigorire o dello svigorirsi."},{"name":"svigorire","definition":"Ridurre, togliere il vigore; privare di nerbo: s. il corpo, le forze, la mente."},{"name":"svilimento","definition":"Azione e risultato dello svilire."},{"name":"svilire","definition":"Togliere valore, rendere vile: cerca sempre di s. i meriti degli altri."},{"name":"svillaneggiamento","definition":"Azione e risultato dello svillaneggiare o dello svillaneggiarsi."},{"name":"svillaneggiare","definition":"Trattare villanamente, in modo offensivo; insultare."},{"name":"sviluppabile","definition":"Che pu\u00f2 essere sviluppato."},{"name":"sviluppare","definition":"Sciogliere qualcosa di avviluppato: s. un nodo, un groviglio."},{"name":"sviluppato","definition":"Che ha sub\u00ecto il processo di sviluppo."},{"name":"sviluppatore","definition":"Che sviluppa."},{"name":"sviluppatrice","definition":"Macchina per il trattamento automatico della pellicola impressionata."},{"name":"sviluppo","definition":"Azione e risultato dello sviluppare o dello svilupparsi."},{"name":"svinare","definition":"Togliere il vino nuovo dai tini dopo la fermentazione."},{"name":"svinatura","definition":"Operazione con cui si estrae il vino dai vasi di fermentazione del mosto, separandolo dalle vinacce."},{"name":"svincolamento","definition":"Azione e risultato dello svincolare o dello svincolarsi."},{"name":"svincolare","definition":"Liberare da un vincolo, spec. in senso morale: il tuo comportamento mi svincola da ogni obbligo nei tuoi confronti."},{"name":"svincolo","definition":"Operazione del liberare merci o beni da vincoli che li rendono indisponibili: lo s. dei bagagli alla dogana."},{"name":"svio","definition":"Sviamento."},{"name":"sviolinare","definition":"Adulare, lusingare in modo sfacciato."},{"name":"sviolinata","definition":"Ritornello per uno o pi\u00f9 violini eseguito tra un canto e l'altro dei maggi."},{"name":"sviolinatura","definition":"Sviolinata."}]